"Country","Asylum","Year","Major_Area","Bureau","Type_of_location","Type_of_accom","Location","Population_of_concern_to_UNHCR","AgeGroupFemale(0-4)","AgeGroupFemale(5-11)","AgeGroupFemale(12-17)","AgeGroupFemale(5-17)","AgeGroupFemale(18-59)","AgeGroupFemale(60+)","AgeGroupFemale(Unknown)","AgeGroupFemale(Total)","AgeGroupMale(0-4)","AgeGroupMale(5-11)","AgeGroupMale(12-17)","AgeGroupMale(5-17)","AgeGroupMale(18-59)","AgeGroupMale(60+)","AgeGroupMale(Unknown)","AgeGroupMale(Total)","Coverage","CoverageSex","Details"
"Algeria","Algeria",2011,"Africa","MENA","U","Undefined","Algeria",816,31,7,6,13,182,0,0,226,32,8,8,16,536,6,0,590,100,100,"NULL"
"Algeria","Algeria",2011,"Africa","MENA","U","Individual accommodation","Alger",143,10,6,5,11,37,0,0,58,17,7,3,10,57,1,0,85,100,100,"NULL"
"Benin","Benin",2011,"Africa","WA","U","Individual accommodation","Cotonou",4547,253,251,222,473,1044,27,0,1797,238,281,194,475,2015,22,0,2750,100,100,"NULL"
"Benin","Benin",2011,"Africa","WA","R","Camp","Agame",2828,238,227,166,393,639,20,0,1290,254,276,162,438,836,10,0,1538,100,100,"NULL"
"Benin","Benin",2011,"Africa","WA","R","Center","Kpomasse",200,11,4,5,9,61,2,0,83,12,10,15,25,79,1,0,117,100,100,"NULL"
"Botswana","Botswana",2011,"Africa","SAO","R","Camp","Dukwi",3558,205,274,209,483,588,36,0,1312,207,291,171,462,1534,43,0,2246,100,100,"NULL"
"Burkina Faso","Burkina Faso",2011,"Africa","WA","U","Individual accommodation","Ouagadougou",1211,56,74,64,138,268,4,0,466,28,59,60,119,592,6,0,745,100,100,"NULL"
"Burundi","Burundi",2011,"Africa","CA-GL","V","Individual accommodation","Burundi",84224,588,719,317,1036,1246,60,41713,44643,588,692,296,988,868,54,37083,39581,6,100,"NULL"
"Burundi","Burundi",2011,"Africa","CA-GL","U","Individual accommodation","Bujumbura",23485,1272,2538,2168,4706,5970,304,0,12252,1266,2614,2111,4725,5025,217,0,11233,100,100,"NULL"
"Burundi","Burundi",2011,"Africa","CA-GL","R","Camp","Gasorwe",9743,847,1370,726,2096,2057,94,0,5094,876,1305,768,2073,1644,56,0,4649,100,100,"NULL"
"Burundi","Burundi",2011,"Africa","CA-GL","R","Camp","Musasa",6330,588,850,455,1305,1268,56,0,3217,559,887,497,1384,1145,25,0,3113,100,100,"NULL"
"Burundi","Burundi",2011,"Africa","CA-GL","R","Camp","Bwagiriza",6159,637,664,469,1133,1280,70,0,3120,668,717,446,1163,1158,50,0,3039,100,100,"NULL"
"Burundi","Burundi",2011,"Africa","CA-GL","R","Camp","Butare",252,33,25,12,37,60,2,0,132,23,23,15,38,55,4,0,120,100,100,"NULL"
"Cameroon","Cameroon",2011,"Africa","CA-GL","U","Individual accommodation","Cameroon",11120,729,966,600,1566,2482,45,0,4822,713,888,516,1404,4134,47,0,6298,100,100,"NULL"
"Cameroon","Cameroon",2011,"Africa","CA-GL","R","Individual accommodation","Ngaoui",7913,573,1158,710,1868,1693,90,0,4224,643,1157,708,1865,1030,151,0,3689,100,100,"NULL"
"Cameroon","Cameroon",2011,"Africa","CA-GL","R","Individual accommodation","Garoua-Boulai",6646,445,918,620,1538,1494,73,0,3550,449,974,615,1589,964,94,0,3096,100,100,"NULL"
"Cameroon","Cameroon",2011,"Africa","CA-GL","R","Individual accommodation","Gbiti",6367,382,801,524,1325,1526,53,0,3286,410,806,515,1321,1221,129,0,3081,100,100,"NULL"
"Cameroon","Cameroon",2011,"Africa","CA-GL","R","Individual accommodation","Meidougou",4044,328,548,379,927,846,36,0,2137,316,629,349,978,547,66,0,1907,100,100,"NULL"
"Cameroon","Cameroon",2011,"Africa","CA-GL","R","Camp","Langui",3747,224,457,276,733,816,89,0,1862,245,439,248,687,899,54,0,1885,100,100,"NULL"
"Cameroon","Cameroon",2011,"Africa","CA-GL","R","Settlement","Cameroon",3220,81,333,346,679,907,46,0,1713,103,402,309,711,620,73,0,1507,100,100,"NULL"
"Cameroon","Cameroon",2011,"Africa","CA-GL","R","Individual accommodation","Ndokayo",3219,245,421,279,700,670,34,0,1649,208,416,294,710,584,68,0,1570,100,100,"NULL"
"Cameroon","Cameroon",2011,"Africa","CA-GL","R","Individual accommodation","Kenzou",3002,188,427,288,715,724,34,0,1661,195,444,230,674,427,45,0,1341,100,100,"NULL"
"Cameroon","Cameroon",2011,"Africa","CA-GL","R","Individual accommodation","Zembe Borongo",2810,210,374,255,629,653,30,0,1522,222,422,222,644,368,54,0,1288,100,100,"NULL"
"Cameroon","Cameroon",2011,"Africa","CA-GL","R","Individual accommodation","Batoua Godole",2638,211,387,208,595,583,35,0,1424,200,401,210,611,354,49,0,1214,100,100,"NULL"
"Cameroon","Cameroon",2011,"Africa","CA-GL","R","Individual accommodation","Meiganga",2601,171,362,232,594,528,23,0,1316,203,411,227,638,397,47,0,1285,100,100,"NULL"
"Cameroon","Cameroon",2011,"Africa","CA-GL","R","Individual accommodation","Nyabi",2552,147,343,250,593,603,26,0,1369,162,326,220,546,430,45,0,1183,100,100,"NULL"
"Cameroon","Cameroon",2011,"Africa","CA-GL","R","Individual accommodation","Mandjou",2033,148,292,197,489,462,26,0,1125,139,289,174,463,269,37,0,908,100,100,"NULL"
"Cameroon","Cameroon",2011,"Africa","CA-GL","R","Individual accommodation","Toktoyo",1908,141,250,150,400,427,19,0,987,156,298,144,442,292,31,0,921,100,100,"NULL"
"Cameroon","Cameroon",2011,"Africa","CA-GL","R","Individual accommodation","Yamba",1852,154,311,143,454,381,26,0,1015,137,272,137,409,272,19,0,837,100,100,"NULL"
"Cameroon","Cameroon",2011,"Africa","CA-GL","R","Individual accommodation","Kette",1654,94,213,155,368,391,17,0,870,104,232,137,369,275,36,0,784,100,100,"NULL"
"Cameroon","Cameroon",2011,"Africa","CA-GL","R","Individual accommodation","Bagodo",1605,107,249,135,384,326,11,0,828,139,261,150,411,193,34,0,777,100,100,"NULL"
"Cameroon","Cameroon",2011,"Africa","CA-GL","R","Individual accommodation","Tongo Gandima",1590,89,212,139,351,341,13,0,794,126,229,141,370,262,38,0,796,100,100,"NULL"
"Cameroon","Cameroon",2011,"Africa","CA-GL","R","Individual accommodation","Garga Libona",1483,136,195,116,311,323,16,0,786,138,221,113,334,205,20,0,697,100,100,"NULL"
"Cameroon","Cameroon",2011,"Africa","CA-GL","R","Individual accommodation","Ouro-Adde",1304,109,189,126,315,252,14,0,690,105,202,124,326,171,12,0,614,100,100,"NULL"
"Cameroon","Cameroon",2011,"Africa","CA-GL","R","Individual accommodation","Mboumama",1192,85,143,106,249,270,8,0,612,86,154,88,242,234,18,0,580,100,100,"NULL"
"Cameroon","Cameroon",2011,"Africa","CA-GL","R","Individual accommodation","Yokosire",1159,56,152,122,274,271,19,0,620,53,170,101,271,176,39,0,539,100,100,"NULL"
"Cameroon","Cameroon",2011,"Africa","CA-GL","R","Individual accommodation","Nandoungue",1083,83,167,92,259,222,13,0,577,91,166,85,251,146,18,0,506,100,100,"NULL"
"Cameroon","Cameroon",2011,"Africa","CA-GL","R","Individual accommodation","Yarmbang",1011,78,168,85,253,227,11,0,569,70,148,74,222,135,15,0,442,100,100,"NULL"
"Cameroon","Cameroon",2011,"Africa","CA-GL","R","Individual accommodation","Garga Sarali",953,63,105,64,169,205,15,0,452,92,136,76,212,185,12,0,501,100,100,"NULL"
"Cameroon","Cameroon",2011,"Africa","CA-GL","R","Individual accommodation","Kombo Laka",951,64,136,68,204,196,13,0,477,83,118,75,193,181,17,0,474,100,100,"NULL"
"Cameroon","Cameroon",2011,"Africa","CA-GL","R","Individual accommodation","Lokoti",945,81,126,70,196,197,12,0,486,59,141,85,226,157,17,0,459,100,100,"NULL"
"Cameroon","Cameroon",2011,"Africa","CA-GL","R","Individual accommodation","Mbile",925,63,132,84,216,215,6,0,500,61,111,95,206,148,10,0,425,100,100,"NULL"
"Cameroon","Cameroon",2011,"Africa","CA-GL","R","Individual accommodation","Gargapela",859,68,135,74,209,183,10,0,470,66,138,66,204,106,13,0,389,100,100,"NULL"
"Cameroon","Cameroon",2011,"Africa","CA-GL","R","Individual accommodation","Boulembe",843,73,134,85,219,164,13,0,469,60,122,63,185,118,11,0,374,100,100,"NULL"
"Cameroon","Cameroon",2011,"Africa","CA-GL","R","Individual accommodation","Nabemo",807,66,107,61,168,164,6,0,404,78,124,65,189,124,12,0,403,100,100,"NULL"
"Cameroon","Cameroon",2011,"Africa","CA-GL","R","Individual accommodation","Boubara",791,40,93,75,168,190,10,0,408,55,85,62,147,161,20,0,383,100,100,"NULL"
"Cameroon","Cameroon",2011,"Africa","CA-GL","R","Individual accommodation","Ndanga Gandima",789,48,93,55,148,193,10,0,399,57,113,68,181,136,16,0,390,100,100,"NULL"
"Cameroon","Cameroon",2011,"Africa","CA-GL","R","Individual accommodation","Bazzama",785,57,117,63,180,180,7,0,424,65,109,64,173,110,13,0,361,100,100,"NULL"
"Cameroon","Cameroon",2011,"Africa","CA-GL","R","Individual accommodation","Guiwa Yangamo",772,51,104,67,171,171,13,0,406,64,91,79,170,116,16,0,366,100,100,"NULL"
"Cameroon","Cameroon",2011,"Africa","CA-GL","R","Individual accommodation","Goro",747,61,124,56,180,143,9,0,393,65,109,56,165,112,12,0,354,100,100,"NULL"
"Cameroon","Cameroon",2011,"Africa","CA-GL","R","Individual accommodation","Gado Badzere",746,55,99,76,175,150,13,0,393,57,105,74,179,101,16,0,353,100,100,"NULL"
"Cameroon","Cameroon",2011,"Africa","CA-GL","R","Individual accommodation","Mbarang",744,62,120,57,177,155,9,0,403,75,103,54,157,100,9,0,341,100,100,"NULL"
"Cameroon","Cameroon",2011,"Africa","CA-GL","R","Individual accommodation","Bouli",681,72,83,67,150,164,5,0,391,41,73,63,136,106,7,0,290,100,100,"NULL"
"Cameroon","Cameroon",2011,"Africa","CA-GL","R","Individual accommodation","Mboula",680,42,115,60,175,143,10,0,370,43,100,41,141,109,17,0,310,100,100,"NULL"
"Cameroon","Cameroon",2011,"Africa","CA-GL","R","Individual accommodation","Bafouck",646,50,94,49,143,131,6,0,330,52,66,51,117,135,12,0,316,100,100,"NULL"
"Cameroon","Cameroon",2011,"Africa","CA-GL","R","Individual accommodation","Dir",630,46,94,57,151,131,4,0,332,49,95,52,147,91,11,0,298,100,100,"NULL"
"Cameroon","Cameroon",2011,"Africa","CA-GL","R","Individual accommodation","Bedobo",618,33,87,64,151,155,4,0,343,43,71,41,112,115,5,0,275,100,100,"NULL"
"Cameroon","Cameroon",2011,"Africa","CA-GL","R","Individual accommodation","Dakere Babongo",591,47,84,53,137,120,6,0,310,51,99,50,149,72,9,0,281,100,100,"NULL"
"Cameroon","Cameroon",2011,"Africa","CA-GL","R","Individual accommodation","Dang Patou",583,45,72,52,124,141,6,0,316,52,73,34,107,101,7,0,267,100,100,"NULL"
"Cameroon","Cameroon",2011,"Africa","CA-GL","R","Individual accommodation","Djalingo",568,47,76,36,112,126,9,0,294,43,94,53,147,77,7,0,274,100,100,"NULL"
"Cameroon","Cameroon",2011,"Africa","CA-GL","R","Individual accommodation","Mikila",565,44,74,56,130,119,3,0,296,44,80,52,132,82,11,0,269,100,100,"NULL"
"Cameroon","Cameroon",2011,"Africa","CA-GL","R","Individual accommodation","Timangolo",554,51,74,43,117,118,10,0,296,37,76,59,135,76,10,0,258,100,100,"NULL"
"Cameroon","Cameroon",2011,"Africa","CA-GL","R","Individual accommodation","Djohong",539,57,69,48,117,111,6,0,291,49,63,34,97,94,8,0,248,100,100,"NULL"
"Cameroon","Cameroon",2011,"Africa","CA-GL","R","Individual accommodation","Mborguene",539,37,72,39,111,113,4,0,265,31,73,50,123,115,5,0,274,100,100,"NULL"
"Cameroon","Cameroon",2011,"Africa","CA-GL","R","Individual accommodation","Mbonga",528,33,73,52,125,110,7,0,275,32,73,50,123,86,12,0,253,100,100,"NULL"
"Cameroon","Cameroon",2011,"Africa","CA-GL","R","Individual accommodation","Borgop",514,42,88,42,130,99,12,0,283,47,71,41,112,68,4,0,231,100,100,"NULL"
"Cameroon","Cameroon",2011,"Africa","CA-GL","R","Individual accommodation","Woumbou",514,34,65,45,110,123,4,0,271,23,66,45,111,103,6,0,243,100,100,"NULL"
"Cameroon","Cameroon",2011,"Africa","CA-GL","R","Individual accommodation","Samba",498,38,83,47,130,113,5,0,286,28,60,47,107,72,5,0,212,100,100,"NULL"
"Cameroon","Cameroon",2011,"Africa","CA-GL","R","Individual accommodation","Mbondo",496,36,72,37,109,110,6,0,261,29,73,32,105,87,14,0,235,100,100,"NULL"
"Cameroon","Cameroon",2011,"Africa","CA-GL","R","Individual accommodation","Gbakim",495,34,65,35,100,112,4,0,250,36,50,48,98,101,10,0,245,100,100,"NULL"
"Cameroon","Cameroon",2011,"Africa","CA-GL","R","Individual accommodation","Fada",489,43,63,42,105,102,6,0,256,54,64,36,100,70,9,0,233,100,100,"NULL"
"Cameroon","Cameroon",2011,"Africa","CA-GL","R","Individual accommodation","Nguindi",440,35,64,41,105,105,4,0,249,28,55,39,94,58,11,0,191,100,100,"NULL"
"Cameroon","Cameroon",2011,"Africa","CA-GL","R","Individual accommodation","Mobe",409,27,59,25,84,95,0,0,206,25,77,28,105,63,10,0,203,100,100,"NULL"
"Cameroon","Cameroon",2011,"Africa","CA-GL","R","Individual accommodation","Kole",363,27,49,50,99,76,2,0,204,24,59,33,92,39,4,0,159,100,100,"NULL"
"Cameroon","Cameroon",2011,"Africa","CA-GL","R","Individual accommodation","Kouba",362,28,68,35,103,78,3,0,212,16,60,31,91,36,7,0,150,100,100,"NULL"
"Cameroon","Cameroon",2011,"Africa","CA-GL","R","Individual accommodation","Adinkol",315,30,38,24,62,71,3,0,166,29,44,25,69,45,6,0,149,100,100,"NULL"
"Cameroon","Cameroon",2011,"Africa","CA-GL","U","Individual accommodation","Yaounde",315,7,15,13,28,34,1,0,70,5,13,6,19,221,0,0,245,100,100,"NULL"
"Cameroon","Cameroon",2011,"Africa","CA-GL","R","Individual accommodation","Ngunbela",270,12,38,10,48,69,2,0,131,15,46,34,80,40,4,0,139,100,100,"NULL"
"Cameroon","Cameroon",2011,"Africa","CA-GL","R","Individual accommodation","Tapare",213,11,35,14,49,40,3,0,103,16,42,17,59,29,6,0,110,100,100,"NULL"
"Cameroon","Cameroon",2011,"Africa","CA-GL","R","Individual accommodation","Sandaye",201,21,26,21,47,39,2,0,109,20,25,18,43,28,1,0,92,100,100,"NULL"
"Cameroon","Cameroon",2011,"Africa","CA-GL","R","Individual accommodation","Ngazi",167,22,21,12,33,35,4,0,94,13,23,11,34,26,0,0,73,100,100,"NULL"
"Cameroon","Cameroon",2011,"Africa","CA-GL","R","Individual accommodation","Digou Adamou",151,15,16,12,28,32,1,0,76,13,20,9,29,28,5,0,75,100,100,"NULL"
"Cameroon","Cameroon",2011,"Africa","CA-GL","R","Individual accommodation","Mbewe",130,11,17,16,33,21,2,0,67,16,11,8,19,28,0,0,63,100,100,"NULL"
"Central African Republic","Central African Rep.",2011,"Africa","CA-GL","R","Settlement","Ouham-pende",56554,4198,5011,7005,12016,12632,227,0,29073,3596,5460,6306,11766,11816,303,0,27481,100,100,"NULL"
"Central African Republic","Central African Rep.",2011,"Africa","CA-GL","R","Settlement","Ouham",29165,1449,2336,3147,5483,7400,312,0,14644,1215,2060,3310,5370,7743,193,0,14521,100,100,"NULL"
"Central African Republic","Central African Rep.",2011,"Africa","CA-GL","R","Settlement","Nana Mambere",21307,972,1781,2347,4128,5059,117,0,10276,810,1592,2632,4224,5848,149,0,11031,100,100,"NULL"
"Central African Republic","Central African Rep.",2011,"Africa","CA-GL","R","Settlement","Bamingui-bangora",14382,800,1350,1600,2950,3500,197,0,7447,615,1000,1250,2250,3827,243,0,6935,100,100,"NULL"
"Central African Republic","Central African Rep.",2011,"Africa","CA-GL","R","Settlement","Haut-mboumou",13881,781,1050,1225,2275,3800,187,0,7043,700,940,1151,2091,3945,102,0,6838,100,100,"NULL"
"Central African Republic","Central African Rep.",2011,"Africa","CA-GL","R","Settlement","Nana-Griizi",12192,555,858,1311,2169,2693,56,0,5473,673,925,1411,2336,3647,63,0,6719,100,100,"NULL"
"Central African Republic","Central African Rep.",2011,"Africa","CA-GL","R","Settlement","Momou",8642,350,800,740,1540,2200,89,0,4179,400,1000,900,1900,2000,163,0,4463,100,100,"NULL"
"Central African Republic","Central African Rep.",2011,"Africa","CA-GL","R","Settlement","Hautte-kotto",8106,327,700,840,1540,2123,95,0,4085,300,800,1000,1800,1800,121,0,4021,100,100,"NULL"
"Central African Republic","Central African Rep.",2011,"Africa","CA-GL","R","Settlement","Vakaga",7019,685,807,557,1364,1358,78,0,3485,712,798,565,1363,1400,59,0,3534,100,100,"NULL"
"Central African Republic","Central African Rep.",2011,"Africa","CA-GL","R","Camp","Mongoumba",6978,791,859,532,1391,1179,312,0,3673,798,850,442,1292,1040,175,0,3305,100,100,"NULL"
"Central African Republic","Central African Rep.",2011,"Africa","CA-GL","R","Individual accommodation","Ouham-pende",6469,591,759,582,1341,1179,262,0,3373,698,741,442,1183,1040,175,0,3096,100,100,"NULL"
"Central African Republic","Central African Rep.",2011,"Africa","CA-GL","U","Individual accommodation","Bangui",4935,293,416,490,906,1007,41,0,2247,318,483,494,977,1351,42,0,2688,100,100,"NULL"
"Central African Republic","Central African Rep.",2011,"Africa","CA-GL","R","Camp","Zemio",3287,267,343,145,488,819,91,0,1665,280,318,169,487,759,96,0,1622,100,100,"NULL"
"Central African Republic","Central African Rep.",2011,"Africa","CA-GL","R","Settlement","Bambari",3000,256,240,166,406,655,55,0,1372,227,206,248,454,843,104,0,1628,100,100,"NULL"
"Central African Republic","Central African Rep.",2011,"Africa","CA-GL","R","Camp","Bambari",1905,294,156,200,356,340,28,0,1018,336,148,150,298,210,43,0,887,100,100,"NULL"
"Central African Republic","Central African Rep.",2011,"Africa","CA-GL","R","Camp","Mboki",1204,114,110,59,169,318,14,0,615,116,117,67,184,270,19,0,589,100,100,"NULL"
"Central African Republic","Central African Rep.",2011,"Africa","CA-GL","R","Camp","Obo",870,69,87,40,127,227,26,0,449,101,92,34,126,175,19,0,421,100,100,"NULL"
"Chad","Chad",2011,"Africa","EHA","R","Camp","Oure Cassoni",36168,2585,5452,3748,9200,8747,795,0,21327,2623,5085,3001,8086,3747,385,0,14841,100,100,"NULL"
"Chad","Chad",2011,"Africa","EHA","R","Camp","Bredjing",35938,3469,3934,2628,6562,8334,1011,0,19376,3548,3927,2844,6771,5572,671,0,16562,100,100,"NULL"
"Chad","Chad",2011,"Africa","EHA","R","Camp","Touloum",27588,2029,3686,2787,6473,5732,636,0,14870,2005,3444,2391,5835,2528,350,0,10718,93,93,"NULL"
"Chad","Chad",2011,"Africa","EHA","R","Camp","Goz Amer",25841,2909,2957,1764,4721,5827,596,0,14053,2854,3029,1797,4826,3596,512,0,11788,100,100,"NULL"
"Chad","Chad",2011,"Africa","EHA","R","Camp","Farchana",23323,2197,2842,1842,4684,5365,615,0,12861,2199,2809,1847,4656,3205,402,0,10462,100,100,"NULL"
"Chad","Chad",2011,"Africa","EHA","R","Camp","Gaga",21474,2238,2862,1530,4392,4723,346,0,11699,2217,2720,1690,4410,2859,289,0,9775,100,100,"NULL"
"Chad","Chad",2011,"Africa","EHA","R","Camp","Iridimi",21329,1684,2844,2057,4901,4312,440,0,11337,1715,2544,1968,4512,1788,277,0,8292,92,92,"NULL"
"Chad","Chad",2011,"Africa","EHA","R","Camp","Am Nabak",20395,1384,2608,2006,4614,4846,499,0,11343,1492,2495,1524,4019,1711,330,0,7552,93,93,"NULL"
"Chad","Chad",2011,"Africa","EHA","R","Camp","Treguine",19099,2045,2041,1284,3325,4331,478,0,10179,2065,2123,1411,3534,2947,374,0,8920,100,100,"NULL"
"Chad","Chad",2011,"Africa","EHA","R","Camp","Mile",18853,1751,2679,1633,4312,4465,452,0,10980,1725,2482,1420,3902,1964,282,0,7873,100,100,"NULL"
"Chad","Chad",2011,"Africa","EHA","R","Camp","Kounoungou",18251,1434,2807,1671,4478,4327,343,0,10582,1372,2620,1614,4234,1815,248,0,7669,100,100,"NULL"
"Chad","Chad",2011,"Africa","EHA","R","Camp","Djabal",18083,1882,2027,1302,3329,4246,407,0,9864,1898,2052,1389,3441,2564,316,0,8219,100,100,"NULL"
"Chad","Chad",2011,"Africa","EHA","R","Undefined","Salamat",12341,1060,1923,681,2604,2842,428,0,6934,1009,1850,586,2436,1648,314,0,5407,100,100,"NULL"
"Chad","Chad",2011,"Africa","EHA","R","Camp","Amboko",11627,624,1672,1394,3066,2343,128,0,6161,602,1603,1397,3000,1741,123,0,5466,100,100,"NULL"
"Chad","Chad",2011,"Africa","EHA","R","Camp","Yaroungou",10916,748,1356,890,2246,2666,226,0,5886,676,1399,951,2350,1857,147,0,5030,100,100,"NULL"
"Chad","Chad",2011,"Africa","EHA","R","Camp","Gondje",10006,573,1528,979,2507,2155,97,0,5332,579,1517,1097,2614,1418,63,0,4674,100,100,"NULL"
"Chad","Chad",2011,"Africa","EHA","R","Camp","Dosseye",9724,800,1519,935,2454,2069,115,0,5438,758,1495,781,2276,1126,126,0,4286,100,100,"NULL"
"Chad","Chad",2011,"Africa","EHA","R","Camp","Moula",5640,581,816,320,1136,1121,58,0,2896,622,815,373,1188,874,60,0,2744,100,100,"NULL"
"Chad","Chad",2011,"Africa","EHA","R","Camp","Moyo",4280,549,539,228,767,856,79,0,2251,513,544,250,794,667,55,0,2029,100,100,"NULL"
"Chad","Chad",2011,"Africa","EHA","R","Camp","Koy",2404,285,401,150,551,568,83,0,1487,277,337,119,456,155,29,0,917,100,100,"NULL"
"Chad","Chad",2011,"Africa","EHA","U","Individual accommodation","Ndjamena",579,35,33,16,49,99,2,0,185,24,44,18,62,296,12,0,394,100,100,"NULL"
"Congo","Congo",2011,"Africa","CA-GL","R","Settlement","Betou",61029,5092,8090,4295,12385,13322,1204,0,32003,5125,8159,4291,12450,10741,710,0,29026,100,100,"NULL"
"Congo","Congo",2011,"Africa","CA-GL","R","Settlement","Impfondo",25217,2425,3106,1736,4842,5122,447,0,12836,2486,3194,1755,4949,4681,265,0,12381,100,100,"NULL"
"Congo","Congo",2011,"Africa","CA-GL","R","Settlement","Liranga",21351,2206,2850,1405,4255,4456,301,0,11218,2137,2801,1317,4118,3644,234,0,10133,100,100,"NULL"
"Congo","Congo",2011,"Africa","CA-GL","R","Settlement","Dongou",13405,1379,1739,876,2615,2663,264,0,6921,1407,1713,896,2609,2268,200,0,6484,100,100,"NULL"
"Congo","Congo",2011,"Africa","CA-GL","U","Individual accommodation","Brazzaville",6547,293,678,455,1133,1433,55,0,2914,289,673,463,1136,2174,34,0,3633,100,100,"NULL"
"Congo","Congo",2011,"Africa","CA-GL","R","Individual accommodation","Impfondo",6299,379,799,533,1332,1297,93,0,3101,351,769,541,1310,1470,67,0,3198,100,100,"NULL"
"Congo","Congo",2011,"Africa","CA-GL","R","Settlement","Enyelle",3869,385,499,234,733,795,74,0,1987,428,493,266,759,639,56,0,1882,100,100,"NULL"
"Congo","Congo",2011,"Africa","CA-GL","R","Individual accommodation","Loukolela",2171,152,275,137,412,378,14,0,956,174,294,137,431,587,23,0,1215,100,100,"NULL"
"Congo","Congo",2011,"Africa","CA-GL","R","Individual accommodation","Sangha",1075,88,153,78,231,206,8,0,533,47,128,59,187,304,4,0,542,100,100,"NULL"
"Congo","Congo",2011,"Africa","CA-GL","R","Individual accommodation","Pool",650,49,84,48,132,136,1,0,318,31,71,35,106,193,2,0,332,100,100,"NULL"
"Congo","Congo",2011,"Africa","CA-GL","R","Individual accommodation","Oyo",364,1,14,3,17,40,0,0,58,83,32,39,71,144,8,0,306,100,100,"NULL"
"Congo","Congo",2011,"Africa","CA-GL","R","Individual accommodation","Ngo",330,20,34,21,55,41,0,0,116,17,43,12,55,141,1,0,214,100,100,"NULL"
"Congo","Congo",2011,"Africa","CA-GL","R","Settlement","Malolo",319,21,45,19,64,78,8,0,171,20,44,21,65,56,7,0,148,100,100,"NULL"
"Congo","Congo",2011,"Africa","CA-GL","U","Settlement","Dolisie",291,22,39,25,64,59,1,0,146,27,24,25,49,64,5,0,145,100,100,"NULL"
"Congo","Congo",2011,"Africa","CA-GL","R","Individual accommodation","Ollombo",287,18,37,19,56,51,2,0,127,6,36,14,50,104,0,0,160,100,100,"NULL"
"Congo","Congo",2011,"Africa","CA-GL","R","Settlement","Pool",275,17,7,5,12,106,1,0,136,15,9,6,15,107,2,0,139,100,100,"NULL"
"Congo","Congo",2011,"Africa","CA-GL","R","Individual accommodation","Pointe Noire",268,16,15,11,26,54,3,0,99,13,23,12,35,116,5,0,169,100,100,"NULL"
"Congo","Congo",2011,"Africa","CA-GL","R","Settlement","Kondi Mbaka",249,9,19,16,35,62,4,0,110,14,33,23,56,62,7,0,139,100,100,"NULL"
"Congo","Congo",2011,"Africa","CA-GL","U","Settlement","Brazzaville",234,31,44,10,54,22,0,0,107,43,46,9,55,27,2,0,127,100,100,"NULL"
"Congo","Congo",2011,"Africa","CA-GL","U","Settlement","Pointe Noire",161,15,16,18,34,40,0,0,89,11,18,8,26,35,0,0,72,100,100,"NULL"
"Congo","Congo",2011,"Africa","CA-GL","R","Settlement","Tchiamba-Nza",156,1,11,10,21,43,8,0,73,5,10,15,25,50,3,0,83,100,100,"NULL"
"Congo","Congo",2011,"Africa","CA-GL","R","Settlement","Sangha",155,9,11,2,13,14,0,0,36,13,14,4,18,87,1,0,119,100,100,"NULL"
"Congo","Congo",2011,"Africa","CA-GL","R","Settlement","Niari",146,13,13,10,23,30,4,0,70,15,17,6,23,36,2,0,76,100,100,"NULL"
"Congo","Congo",2011,"Africa","CA-GL","R","Settlement","Pointe Noire",119,11,5,5,10,20,0,0,41,5,9,1,10,62,1,0,78,100,100,"NULL"
"Côte d'Ivoire","Côte d'Ivoire",2011,"Africa","WA","R","Individual accommodation","Cote d'Ivoire",682186,61478,61838,52687,114525,146436,12365,0,334804,62099,62061,54471,116532,155500,13251,0,347382,100,100,"NULL"
"Côte d'Ivoire","Côte d'Ivoire",2011,"Africa","WA","U","Individual accommodation","Cote d'Ivoire",33770,3029,3262,2617,5879,7065,595,0,16568,3061,3298,2701,5999,7503,639,0,17202,100,100,"NULL"
"Côte d'Ivoire","Côte d'Ivoire",2011,"Africa","WA","R","Individual accommodation","Tabou",13147,510,1580,883,2463,3986,153,0,7112,459,1627,793,2420,3005,151,0,6035,100,100,"NULL"
"Côte d'Ivoire","Côte d'Ivoire",2011,"Africa","WA","R","Camp","Cote d'Ivoire",8356,753,758,646,1404,1793,151,0,4101,761,760,667,1427,1905,162,0,4255,100,100,"NULL"
"Côte d'Ivoire","Côte d'Ivoire",2011,"Africa","WA","R","Individual accommodation","Guiglo",7195,350,800,526,1326,2091,148,0,3915,328,894,479,1373,1464,115,0,3280,100,100,"NULL"
"Côte d'Ivoire","Côte d'Ivoire",2011,"Africa","WA","U","Camp","Cote d'Ivoire",5268,475,478,407,885,1130,95,0,2585,480,479,421,900,1201,102,0,2683,100,100,"NULL"
"Côte d'Ivoire","Côte d'Ivoire",2011,"Africa","WA","U","Individual accommodation","Abidjan",4546,166,249,251,500,1215,50,0,1931,164,341,244,585,1812,54,0,2615,100,100,"NULL"
"Democratic Republic of the Congo","Dem. Rep. of the Congo",2011,"Africa","CA-GL","V","Settlement","Shabunda",171707,133,181,808,989,536,34,0,1692,194,364,1089,1453,984,30,0,2661,3,3,"NULL"
"Democratic Republic of the Congo","Dem. Rep. of the Congo",2011,"Africa","CA-GL","V","Settlement","Democratic Republic of the Congo",60561,3909,3960,7116,11076,9322,451,0,24758,4516,5743,9446,15189,7918,557,0,28180,87,87,"NULL"
"Democratic Republic of the Congo","Dem. Rep. of the Congo",2011,"Africa","CA-GL","R","Camp","Masisi",59943,9344,8625,2639,11264,13526,612,0,34746,8420,7892,2085,9977,6446,354,0,25197,100,100,"NULL"
"Democratic Republic of the Congo","Dem. Rep. of the Congo",2011,"Africa","CA-GL","V","Settlement","Kabare",54767,96,98,204,302,228,18,0,644,147,175,375,550,274,30,0,1001,3,3,"NULL"
"Democratic Republic of the Congo","Dem. Rep. of the Congo",2011,"Africa","CA-GL","R","Settlement","Bas-Congo",50050,2403,5541,3433,8974,12908,2044,0,26329,2415,5648,3870,9518,10207,1581,0,23721,100,100,"NULL"
"Democratic Republic of the Congo","Dem. Rep. of the Congo",2011,"Africa","CA-GL","V","Settlement","Walungu",26893,17,21,19,40,46,2,0,105,17,23,29,52,2,7,0,78,1,1,"NULL"
"Democratic Republic of the Congo","Dem. Rep. of the Congo",2011,"Africa","CA-GL","U","Individual accommodation","Bukavu",16596,15,16,7,23,62,3,0,103,27,30,23,53,61,2,0,143,1,1,"NULL"
"Democratic Republic of the Congo","Dem. Rep. of the Congo",2011,"Africa","CA-GL","U","Individual accommodation","Kinshasa",15840,677,1296,993,2289,4267,990,0,8223,696,1244,1043,2287,3763,871,0,7617,100,100,"NULL"
"Democratic Republic of the Congo","Dem. Rep. of the Congo",2011,"Africa","CA-GL","R","Camp","Rutshuru",14653,2296,1702,643,2345,3566,189,0,8396,2091,1601,544,2145,1909,112,0,6257,100,100,"NULL"
"Democratic Republic of the Congo","Dem. Rep. of the Congo",2011,"Africa","CA-GL","R","Settlement","Libenge/Dongp",12388,925,1484,1026,2510,2180,227,0,6046,874,1389,894,2283,2509,384,0,6342,96,100,"NULL"
"Democratic Republic of the Congo","Dem. Rep. of the Congo",2011,"Africa","CA-GL","R","Settlement","Lualaba",9923,1095,1220,611,1831,1719,146,0,4791,1136,1228,673,1901,1927,168,0,5132,100,100,"NULL"
"Democratic Republic of the Congo","Dem. Rep. of the Congo",2011,"Africa","CA-GL","R","Settlement","Rutshuru",7147,715,720,501,1221,1019,126,0,3081,1136,727,618,1345,1427,158,0,4066,100,100,"NULL"
"Democratic Republic of the Congo","Dem. Rep. of the Congo",2011,"Africa","CA-GL","V","Settlement","Uvira Rural",4620,345,362,356,718,1025,78,0,2166,411,395,412,807,1162,74,0,2454,100,100,"NULL"
"Democratic Republic of the Congo","Dem. Rep. of the Congo",2011,"Africa","CA-GL","V","Settlement","Fizi (Baraka)",3485,373,429,214,643,632,64,0,1712,398,452,261,713,611,51,0,1773,100,100,"NULL"
"Democratic Republic of the Congo","Dem. Rep. of the Congo",2011,"Africa","CA-GL","U","Camp","Goma",2278,350,272,128,400,382,69,0,1201,361,323,121,444,228,44,0,1077,100,100,"NULL"
"Democratic Republic of the Congo","Dem. Rep. of the Congo",2011,"Africa","CA-GL","R","Camp","Walikale",1866,319,236,42,278,498,17,0,1112,291,231,57,288,170,5,0,754,100,100,"NULL"
"Democratic Republic of the Congo","Dem. Rep. of the Congo",2011,"Africa","CA-GL","R","Settlement","Ingbokolo",1244,110,105,100,205,327,15,0,657,94,96,100,196,278,19,0,587,100,100,"NULL"
"Democratic Republic of the Congo","Dem. Rep. of the Congo",2011,"Africa","CA-GL","U","Individual accommodation","Goma",1131,79,133,113,246,238,4,0,567,73,120,95,215,274,2,0,564,100,100,"NULL"
"Democratic Republic of the Congo","Dem. Rep. of the Congo",2011,"Africa","CA-GL","R","Settlement","Bondo",877,76,65,34,99,254,15,0,444,104,63,30,93,225,11,0,433,100,100,"NULL"
"Democratic Republic of the Congo","Dem. Rep. of the Congo",2011,"Africa","CA-GL","R","Settlement","Kasai-Oriental",837,66,55,34,89,244,15,0,414,104,61,30,91,217,11,0,423,100,100,"NULL"
"Democratic Republic of the Congo","Dem. Rep. of the Congo",2011,"Africa","CA-GL","R","Individual accommodation","Ariwara",791,7,41,41,82,120,57,0,266,51,77,65,142,236,96,0,525,100,100,"NULL"
"Democratic Republic of the Congo","Dem. Rep. of the Congo",2011,"Africa","CA-GL","R","Settlement","Kilueka",686,42,87,51,138,155,12,0,347,70,82,46,128,127,14,0,339,100,100,"NULL"
"Democratic Republic of the Congo","Dem. Rep. of the Congo",2011,"Africa","CA-GL","U","Individual accommodation","Lubumbashi",680,58,70,32,102,126,8,0,294,66,86,55,141,175,4,0,386,100,100,"NULL"
"Democratic Republic of the Congo","Dem. Rep. of the Congo",2011,"Africa","CA-GL","R","Settlement","Tshabobo",673,65,102,29,131,136,4,0,336,65,90,29,119,143,10,0,337,100,100,"NULL"
"Democratic Republic of the Congo","Dem. Rep. of the Congo",2011,"Africa","CA-GL","R","Settlement","Kimaza",587,40,73,107,180,1,0,0,221,42,88,220,308,16,0,0,366,100,100,"NULL"
"Democratic Republic of the Congo","Dem. Rep. of the Congo",2011,"Africa","CA-GL","R","Settlement","Tseke-Zole",459,34,38,27,65,85,6,0,190,42,49,34,83,126,18,0,269,100,100,"NULL"
"Democratic Republic of the Congo","Dem. Rep. of the Congo",2011,"Africa","CA-GL","R","Settlement","Katshia",455,41,64,25,89,91,5,0,226,33,67,27,94,94,8,0,229,100,100,"NULL"
"Democratic Republic of the Congo","Dem. Rep. of the Congo",2011,"Africa","CA-GL","R","Settlement","Uvira Various",356,39,56,17,73,74,7,0,193,55,47,20,67,41,0,0,163,100,100,"NULL"
"Democratic Republic of the Congo","Dem. Rep. of the Congo",2011,"Africa","CA-GL","R","Settlement","Nkondo",316,26,39,23,62,67,6,0,161,6,22,33,55,30,64,0,155,100,100,"NULL"
"Democratic Republic of the Congo","Dem. Rep. of the Congo",2011,"Africa","CA-GL","R","Settlement","Divuma",248,30,24,16,40,49,5,0,124,27,31,19,50,38,9,0,124,100,100,"NULL"
"Democratic Republic of the Congo","Dem. Rep. of the Congo",2011,"Africa","CA-GL","R","Settlement","Lusuku",241,15,28,12,40,53,3,0,111,26,33,10,43,57,4,0,130,100,100,"NULL"
"Democratic Republic of the Congo","Dem. Rep. of the Congo",2011,"Africa","CA-GL","R","Settlement","Dilolo",194,24,19,4,23,45,3,0,95,20,27,5,32,44,3,0,99,100,100,"NULL"
"Democratic Republic of the Congo","Dem. Rep. of the Congo",2011,"Africa","CA-GL","R","Settlement","Tshimbumbulu",163,28,19,9,28,23,9,0,88,17,17,11,28,22,8,0,75,100,100,"NULL"
"Democratic Republic of the Congo","Dem. Rep. of the Congo",2011,"Africa","CA-GL","V","Settlement","Mwene Ditu",136,14,22,6,28,27,1,0,70,14,14,5,19,32,1,0,66,100,100,"NULL"
"Democratic Republic of the Congo","Dem. Rep. of the Congo",2011,"Africa","CA-GL","R","Settlement","Bangalu Afflux",135,14,10,13,23,29,7,0,73,10,11,12,23,16,13,0,62,100,100,"NULL"
"Democratic Republic of the Congo","Dem. Rep. of the Congo",2011,"Africa","CA-GL","R","Settlement","Fizi (Baraka)",126,13,18,8,26,25,2,0,66,15,13,9,22,21,2,0,60,100,100,"NULL"
"Democratic Republic of the Congo","Dem. Rep. of the Congo",2011,"Africa","CA-GL","R","Settlement","Kulindji",124,5,9,19,28,7,2,0,42,4,24,23,47,26,5,0,82,100,100,"NULL"
"Democratic Republic of the Congo","Dem. Rep. of the Congo",2011,"Africa","CA-GL","R","Settlement","Katanga (Kisenge)",110,8,11,10,21,27,2,0,58,8,13,6,19,20,5,0,52,100,100,"NULL"
"Democratic Republic of the Congo","Dem. Rep. of the Congo",2011,"Africa","CA-GL","R","Settlement","Kinsalulu",110,11,10,10,20,26,1,0,58,13,14,15,29,10,0,0,52,100,100,"NULL"
"Democratic Republic of the Congo","Dem. Rep. of the Congo",2011,"Africa","CA-GL","R","Settlement","Doruma",104,13,10,7,17,20,8,0,58,4,8,8,16,18,8,0,46,100,100,"NULL"
"Djibouti","Djibouti",2011,"Africa","EHA","R","Camp","Ali-Addeh",19500,992,1576,1253,2829,5157,168,0,9146,1044,1630,1023,2653,6445,212,0,10354,100,100,"NULL"
"Djibouti","Djibouti",2011,"Africa","EHA","U","Individual accommodation","Djibouti",2747,129,142,82,224,621,3,0,977,99,194,110,304,1363,4,0,1770,100,100,"NULL"
"Egypt","Egypt",2011,"Africa","MENA","U","Individual accommodation","Cairo",101405,7304,10026,6656,16682,21583,1279,0,46848,8038,7278,11747,19025,26607,887,0,54557,100,100,"NULL"
"Egypt","Egypt",2011,"Africa","MENA","U","Individual accommodation","Giza",6002,147,286,244,530,2011,97,0,2785,168,377,255,632,2326,91,0,3217,100,100,"NULL"
"Egypt","Egypt",2011,"Africa","MENA","U","Individual accommodation","6th October",2931,81,229,175,404,834,89,0,1408,104,241,175,416,932,71,0,1523,100,100,"NULL"
"Egypt","Egypt",2011,"Africa","MENA","U","Individual accommodation","Helwan",2892,90,192,146,338,970,45,0,1443,93,208,159,367,950,39,0,1449,100,100,"NULL"
"Egypt","Egypt",2011,"Africa","MENA","U","Individual accommodation","Alexandria",855,14,79,45,124,221,21,0,380,18,60,58,118,314,25,0,475,100,100,"NULL"
"Eritrea","Eritrea",2011,"Africa","EHA","R","Camp","Emkulu",4472,1015,370,320,690,555,98,0,2358,917,363,298,661,529,7,0,2114,100,100,"NULL"
"Eritrea","Eritrea",2011,"Africa","EHA","R","Camp","Elit",173,9,18,19,37,18,8,0,72,11,20,15,35,50,5,0,101,100,100,"NULL"
"Ethiopia","Ethiopia",2011,"Africa","EHA","R","Camp","Melkadida",40696,4889,6543,2345,8888,7775,439,0,21991,5074,6820,2395,9215,3976,440,0,18705,100,100,"NULL"
"Ethiopia","Ethiopia",2011,"Africa","EHA","R","Camp","Bokolmanyo",38501,4684,5922,2160,8082,7394,391,0,20551,4665,6173,2543,8716,4154,415,0,17950,100,100,"NULL"
"Ethiopia","Ethiopia",2011,"Africa","EHA","R","Camp","Kobe Camp",26033,3307,3720,1208,4928,4853,383,0,13471,3457,4079,1429,5508,3192,405,0,12562,100,100,"NULL"
"Ethiopia","Ethiopia",2011,"Africa","EHA","R","Camp","Hilaweyn",25747,3460,3841,1311,5152,4862,280,0,13754,3550,3884,1419,5303,2847,293,0,11993,100,100,"NULL"
"Ethiopia","Ethiopia",2011,"Africa","EHA","R","Camp","Fugnido",22692,2643,2762,1807,4569,5278,196,0,12686,2600,2825,1833,4658,2692,56,0,10006,100,100,"NULL"
"Ethiopia","Ethiopia",2011,"Africa","EHA","R","Camp","Kebribeyah",16408,1300,2412,1016,3428,3439,193,0,8360,1323,2383,1100,3483,2982,260,0,8048,100,100,"NULL"
"Ethiopia","Ethiopia",2011,"Africa","EHA","R","Camp","Adiharush",15982,298,525,208,733,2281,17,0,3329,324,550,254,804,11435,90,0,12653,100,100,"NULL"
"Ethiopia","Ethiopia",2011,"Africa","EHA","R","Camp","Mai-Ayni",14432,434,394,418,812,3604,47,0,4897,519,392,1318,1710,7248,58,0,9535,100,100,"NULL"
"Ethiopia","Ethiopia",2011,"Africa","EHA","R","Camp","Awbarre",13426,1241,2016,913,2929,2756,174,0,7100,1323,1935,959,2894,2018,91,0,6326,100,100,"NULL"
"Ethiopia","Ethiopia",2011,"Africa","EHA","R","Camp","Sheder",11326,892,1477,883,2360,2593,138,0,5983,939,1613,994,2607,1725,72,0,5343,100,100,"NULL"
"Ethiopia","Ethiopia",2011,"Africa","EHA","R","Settlement","Berhale",10211,810,1330,541,1871,2034,79,0,4794,873,1458,686,2144,2182,218,0,5417,100,100,"NULL"
"Ethiopia","Ethiopia",2011,"Africa","EHA","R","Camp","Tongo Camp",9605,944,907,457,1364,1692,142,0,4142,1023,912,565,1477,2819,144,0,5463,100,100,"NULL"
"Ethiopia","Ethiopia",2011,"Africa","EHA","R","Camp","Sherkole",8962,749,918,460,1378,1532,47,0,3706,842,962,654,1616,2732,66,0,5256,100,100,"NULL"
"Ethiopia","Ethiopia",2011,"Africa","EHA","R","Camp","Shimelba (Shire/Shiraro)",8295,521,500,386,886,1498,201,0,3106,556,491,433,924,3501,208,0,5189,100,100,"NULL"
"Ethiopia","Ethiopia",2011,"Africa","EHA","R","Center","Dollo Ado Transit Centre",7284,993,1069,388,1457,1339,100,0,3889,1024,1016,380,1396,892,83,0,3395,100,100,"NULL"
"Ethiopia","Ethiopia",2011,"Africa","EHA","R","Camp","Asaita",4941,314,475,271,746,1026,75,0,2161,383,583,362,945,1373,79,0,2780,100,100,"NULL"
"Ethiopia","Ethiopia",2011,"Africa","EHA","R","Center","Ad-Damazin Transit Centre",4857,593,514,263,777,979,101,0,2450,569,515,274,789,942,107,0,2407,100,100,"NULL"
"Ethiopia","Ethiopia",2011,"Africa","EHA","R","Camp","Buramino",4045,552,587,237,824,779,50,0,2205,588,643,178,821,398,33,0,1840,100,100,"NULL"
"Ethiopia","Ethiopia",2011,"Africa","EHA","R","Settlement","Borena",2754,277,336,219,555,539,97,0,1468,284,354,158,512,400,90,0,1286,100,100,"NULL"
"Ethiopia","Ethiopia",2011,"Africa","EHA","U","Individual accommodation","Addis Ababa U",2640,130,194,148,342,603,26,0,1101,124,222,144,366,988,61,0,1539,100,100,"NULL"
"Ethiopia","Ethiopia",2011,"Africa","EHA","R","Undefined","Gode (God-Dehar)",1354,176,151,41,192,520,78,0,966,185,122,6,128,63,12,0,388,100,100,"NULL"
"Gabon","Gabon",2011,"Africa","CA-GL","U","Individual accommodation","Libreville",5153,52,263,275,538,1280,38,0,1908,69,233,295,528,2507,141,0,3245,100,100,"NULL"
"Gabon","Gabon",2011,"Africa","CA-GL","U","Individual accommodation","Franceville",2081,48,146,144,290,487,18,0,843,52,167,88,255,903,28,0,1238,100,100,"NULL"
"Gabon","Gabon",2011,"Africa","CA-GL","U","Individual accommodation","Moanda",1078,2,107,93,200,258,28,0,488,3,90,137,227,342,18,0,590,100,100,"NULL"
"Gabon","Gabon",2011,"Africa","CA-GL","U","Individual accommodation","Tchibanga",1046,55,108,87,195,278,9,0,537,39,71,67,138,320,12,0,509,100,100,"NULL"
"Gabon","Gabon",2011,"Africa","CA-GL","U","Individual accommodation","Mouila",648,10,39,39,78,214,3,0,305,8,43,82,125,205,5,0,343,100,100,"NULL"
"Gabon","Gabon",2011,"Africa","CA-GL","U","Individual accommodation","Ndende",363,9,47,24,71,117,6,0,203,9,37,27,64,87,0,0,160,100,100,"NULL"
"Gabon","Gabon",2011,"Africa","CA-GL","U","Individual accommodation","Dilemba",349,10,24,25,49,101,19,0,179,5,25,31,56,94,15,0,170,100,100,"NULL"
"Gabon","Gabon",2011,"Africa","CA-GL","U","Individual accommodation","Port-Gentil",312,0,11,11,22,72,4,0,98,0,14,11,25,178,11,0,214,100,100,"NULL"
"Gabon","Gabon",2011,"Africa","CA-GL","U","Individual accommodation","Koulamoutou",293,2,17,21,38,70,2,0,112,0,18,14,32,143,6,0,181,100,100,"NULL"
"Gabon","Gabon",2011,"Africa","CA-GL","U","Individual accommodation","Gamba",198,0,14,12,26,71,0,0,97,0,13,9,22,78,1,0,101,100,100,"NULL"
"Gabon","Gabon",2011,"Africa","CA-GL","U","Individual accommodation","Molengui Binza",177,2,15,24,39,33,10,0,84,3,23,20,43,41,6,0,93,100,100,"NULL"
"Gabon","Gabon",2011,"Africa","CA-GL","U","Individual accommodation","Mounana",170,1,9,12,21,40,1,0,63,0,7,10,17,87,3,0,107,100,100,"NULL"
"Gabon","Gabon",2011,"Africa","CA-GL","U","Individual accommodation","Lastoursville",121,1,5,10,15,34,1,0,51,0,9,9,18,49,3,0,70,100,100,"NULL"
"Gambia","Gambia",2011,"Africa","WA","R","Individual accommodation","Fogni area",7688,653,881,487,1368,1733,263,0,4017,716,865,604,1469,1291,195,0,3671,100,100,"NULL"
"Gambia","Gambia",2011,"Africa","WA","U","Individual accommodation","Gambia",1866,134,143,109,252,529,28,0,943,120,169,85,254,488,61,0,923,100,100,"NULL"
"Ghana","Ghana",2011,"Africa","WA","V","Settlement","Buduburam",10883,565,683,671,1354,3335,106,0,5360,567,723,606,1329,3559,68,0,5523,100,100,"NULL"
"Ghana","Ghana",2011,"Africa","WA","R","Camp","Ampain",4801,304,390,399,789,1481,68,0,2642,332,371,359,730,1073,24,0,2159,100,100,"NULL"
"Ghana","Ghana",2011,"Africa","WA","U","Individual accommodation","Accra",4344,127,228,237,465,1087,39,0,1718,143,210,295,505,1920,58,0,2626,100,100,"NULL"
"Ghana","Ghana",2011,"Africa","WA","R","Camp","Egyeikroum",1258,60,93,71,164,361,12,0,597,79,86,69,155,421,6,0,661,100,100,"NULL"
"Ghana","Ghana",2011,"Africa","WA","R","Undefined","Volta",1204,91,159,20,179,289,12,0,571,95,145,14,159,372,7,0,633,100,100,"NULL"
"Ghana","Ghana",2011,"Africa","WA","R","Camp","Fetentaa",1100,62,101,66,167,305,11,0,545,67,59,62,121,362,5,0,555,100,100,"NULL"
"Ghana","Ghana",2011,"Africa","WA","R","Individual accommodation","Ghana",1060,45,64,58,122,326,26,0,519,46,63,64,127,344,24,0,541,100,100,"NULL"
"Ghana","Ghana",2011,"Africa","WA","R","Camp","Krisan",966,42,63,35,98,208,11,0,359,51,45,96,141,405,10,0,607,100,100,"NULL"
"Ghana","Ghana",2011,"Africa","WA","R","Center","Eagle Star",346,2,11,13,24,64,0,0,90,5,27,25,52,199,0,0,256,100,100,"NULL"
"Ghana","Ghana",2011,"Africa","WA","R","Settlement","Buduburam",250,14,9,11,20,71,1,0,106,13,9,9,18,113,0,0,144,100,100,"NULL"
"Guinea","Guinea",2011,"Africa","WA","R","Camp","Macenta",5229,324,642,536,1178,1196,75,0,2773,284,552,563,1115,1007,50,0,2456,100,100,"NULL"
"Guinea","Guinea",2011,"Africa","WA","R","Camp","Laine",4241,41,404,510,914,1250,67,0,2272,28,427,485,912,982,47,0,1969,100,100,"NULL"
"Guinea","Guinea",2011,"Africa","WA","U","Center","Conakry",4028,112,245,282,527,1170,21,0,1830,104,304,307,611,1452,31,0,2198,100,100,"NULL"
"Guinea","Guinea",2011,"Africa","WA","R","Camp","Kouankan",3405,104,349,389,738,919,43,0,1804,113,337,343,680,769,39,0,1601,100,100,"NULL"
"Guinea","Guinea",2011,"Africa","WA","R","Individual accommodation","Beyla",239,27,32,11,43,70,4,0,144,27,25,13,38,26,4,0,95,100,100,"NULL"
"Guinea-Bissau","Guinea-Bissau",2011,"Africa","WA","R","Individual accommodation","Bigene",3217,209,387,200,587,844,74,0,1714,235,378,204,582,595,91,0,1503,100,100,"NULL"
"Guinea-Bissau","Guinea-Bissau",2011,"Africa","WA","R","Undefined","Sao Domingos",3055,214,328,151,479,844,129,0,1666,238,369,158,527,527,97,0,1389,100,100,"NULL"
"Guinea-Bissau","Guinea-Bissau",2011,"Africa","WA","R","Individual accommodation","Canchungo",976,82,109,75,184,234,30,0,530,56,140,68,208,160,22,0,446,100,100,"NULL"
"Guinea-Bissau","Guinea-Bissau",2011,"Africa","WA","R","Settlement","Jolmete",396,34,32,40,72,97,7,0,210,23,49,32,81,73,9,0,186,100,100,"NULL"
"Guinea-Bissau","Guinea-Bissau",2011,"Africa","WA","U","Individual accommodation","Bissau",219,8,10,8,18,36,0,0,62,8,13,4,17,128,4,0,157,100,100,"NULL"
"Kenya","Kenya",2011,"Africa","EHA","R","Camp","Hagadera",137528,10508,15933,8272,24205,31089,2511,0,68313,11196,16548,9968,26516,29096,2407,0,69215,100,100,"NULL"
"Kenya","Kenya",2011,"Africa","EHA","R","Camp","Dagahaley",122214,10149,16759,7676,24435,25813,2152,0,62549,10192,17692,8717,26409,21024,2040,0,59665,100,100,"NULL"
"Kenya","Kenya",2011,"Africa","EHA","R","Camp","Ifo",118972,9280,14044,7090,21134,26399,2338,0,59151,9332,14774,8274,23048,25155,2286,0,59821,100,100,"NULL"
"Kenya","Kenya",2011,"Africa","EHA","R","Camp","Kakuma",85862,6440,8640,6025,14665,18506,760,0,40371,6616,9647,7840,17487,20962,426,0,45491,100,100,"NULL"
"Kenya","Kenya",2011,"Africa","EHA","U","Individual accommodation","Nairobi",52472,1655,3334,3028,6362,16639,821,0,25477,1682,3458,3095,6553,18065,695,0,26995,100,100,"NULL"
"Kenya","Kenya",2011,"Africa","EHA","R","Camp","IFO 2 W",36723,3676,5582,1768,7350,7008,625,0,18659,3966,6111,2291,8402,5143,553,0,18064,100,100,"NULL"
"Kenya","Kenya",2011,"Africa","EHA","R","Camp","IFO 2 E",28222,2862,4384,1447,5831,5226,445,0,14364,2932,4822,1894,6716,3775,435,0,13858,100,100,"NULL"
"Kenya","Kenya",2011,"Africa","EHA","R","Camp","Kambioos",10833,1067,1701,567,2268,1929,168,0,5432,1120,1984,780,2764,1383,134,0,5401,100,100,"NULL"
"Kenya","Kenya",2011,"Africa","EHA","R","Camp","Dadaab",8935,664,726,602,1328,2015,215,0,4222,773,901,722,1623,2172,145,0,4713,100,100,"NULL"
"Liberia","Liberia",2011,"Africa","WA","R","Individual accommodation","Grand Gedeh",43941,4618,5594,2301,7895,8912,1071,0,22496,4421,6490,3380,9870,6582,572,0,21445,100,100,"NULL"
"Liberia","Liberia",2011,"Africa","WA","R","Individual accommodation","Nimba",37999,3835,5083,1855,6938,9041,1011,0,20825,3793,5320,2138,7458,5400,523,0,17174,100,100,"NULL"
"Liberia","Liberia",2011,"Africa","WA","R","Individual accommodation","Maryland",9746,922,1356,1014,2370,1464,126,0,4882,998,1600,851,2451,1350,65,0,4864,100,100,"NULL"
"Liberia","Liberia",2011,"Africa","WA","R","Camp","Solo",7284,742,851,373,1224,1539,131,0,3636,773,945,527,1472,1305,98,0,3648,100,100,"NULL"
"Liberia","Liberia",2011,"Africa","WA","R","Camp","Dougee",6720,676,832,359,1191,1370,202,0,3439,614,1011,559,1570,1022,75,0,3281,100,100,"NULL"
"Liberia","Liberia",2011,"Africa","WA","R","Camp","Bahn",5021,520,588,251,839,1091,90,0,2540,527,567,297,864,978,112,0,2481,100,100,"NULL"
"Liberia","Liberia",2011,"Africa","WA","R","Individual accommodation","River Ghee",4402,508,223,967,1190,612,43,0,2353,545,257,602,859,617,28,0,2049,100,100,"NULL"
"Liberia","Liberia",2011,"Africa","WA","R","Camp","PTP",4396,465,489,212,701,967,60,0,2193,456,574,283,857,846,44,0,2203,100,100,"NULL"
"Liberia","Liberia",2011,"Africa","WA","R","Camp","Little Wlebbo",4017,397,252,897,1149,559,53,0,2158,361,246,677,923,536,39,0,1859,100,100,"NULL"
"Liberia","Liberia",2011,"Africa","WA","R","Camp","Ziah",2912,306,393,226,619,612,33,0,1570,309,382,198,580,440,13,0,1342,100,100,"NULL"
"Liberia","Liberia",2011,"Africa","WA","U","Individual accommodation","Montserrado",2227,19,16,19,35,89,2,0,145,15,14,16,30,184,3,1850,2082,17,100,"NULL"
"Liberia","Liberia",2011,"Africa","WA","R","Camp","Saclepea",1822,88,218,129,347,405,32,0,872,90,222,150,372,454,34,0,950,100,100,"NULL"
"Liberia","Liberia",2011,"Africa","WA","R","Individual accommodation","Montserrado",822,32,51,73,124,187,18,0,361,66,77,87,164,218,13,0,461,100,100,"NULL"
"Liberia","Liberia",2011,"Africa","WA","R","Individual accommodation","Garmue",564,57,82,88,170,87,22,0,336,60,89,36,125,35,8,0,228,100,100,"NULL"
"Liberia","Liberia",2011,"Africa","WA","U","Individual accommodation","Monrovia",236,17,24,19,43,36,9,0,105,12,14,22,36,74,9,0,131,100,100,"NULL"
"Libya","Libya",2011,"Africa","MENA","U","Center","Tripoli",10435,241,495,572,1067,2752,168,0,4228,267,545,624,1169,4416,355,0,6207,100,100,"NULL"
"Malawi","Malawi",2011,"Africa","SAO","R","Camp","Dzaleka",16853,1316,1772,1105,2877,3165,100,0,7458,1446,1754,1369,3123,4743,83,0,9395,100,100,"NULL"
"Mali","Mali",2011,"Africa","WA","V","Individual accommodation","Kayes",12345,1272,1637,1029,2666,1856,149,0,5943,1426,1734,1051,2785,1997,194,0,6402,100,100,"NULL"
"Mali","Mali",2011,"Africa","WA","U","Individual accommodation","Bamako",5722,190,199,274,473,1299,21,0,1983,203,260,295,555,2942,39,0,3739,100,100,"NULL"
"Mauritania","Mauritania",2011,"Africa","MENA","R","Individual accommodation","Mauritania",1367,131,209,101,310,272,23,0,736,173,176,73,249,188,21,0,631,100,100,"NULL"
"Mauritania","Mauritania",2011,"Africa","MENA","U","Individual accommodation","Nouakchott/Nouadhibou",817,59,70,24,94,151,1,0,305,56,39,40,79,376,1,0,512,100,100,"NULL"
"Morocco","Morocco",2011,"Africa","MENA","U","Individual accommodation","Rabat",1351,45,42,51,93,265,7,0,410,54,43,87,130,746,11,0,941,100,100,"NULL"
"Mozambique","Mozambique",2011,"Africa","SAO","R","Camp","Maratane",9576,526,729,438,1167,1389,62,0,3144,563,816,565,1381,4452,36,0,6432,100,100,"NULL"
"Mozambique","Mozambique",2011,"Africa","SAO","U","Individual accommodation","Maputo",2371,105,211,136,347,508,15,0,975,115,191,148,339,921,21,0,1396,100,100,"NULL"
"Mozambique","Mozambique",2011,"Africa","SAO","U","Individual accommodation","Nampula",1182,42,68,35,103,191,2,0,338,48,74,42,116,670,10,0,844,100,100,"NULL"
"Mozambique","Mozambique",2011,"Africa","SAO","U","Individual accommodation","Niassa",163,6,21,11,32,32,0,0,70,6,18,13,31,56,0,0,93,100,100,"NULL"
"Mozambique","Mozambique",2011,"Africa","SAO","U","Individual accommodation","Zambezia",101,2,7,3,10,21,0,0,33,3,7,5,12,53,0,0,68,100,100,"NULL"
"Namibia","Namibia",2011,"Africa","SAO","R","Settlement","Osire",6065,406,633,475,1108,1343,45,0,2902,413,647,508,1155,1531,64,0,3163,100,100,"NULL"
"Namibia","Namibia",2011,"Africa","SAO","V","Undefined","Namibia",718,61,39,53,92,153,4,0,310,57,62,50,112,233,6,0,408,100,100,"NULL"
"Namibia","Namibia",2011,"Africa","SAO","R","Undefined","Osire",169,17,17,9,26,35,2,0,80,15,17,10,27,47,0,0,89,100,100,"NULL"
"Niger","Niger",2011,"Africa","WA","U","Individual accommodation","Niamey",425,15,34,22,56,92,5,0,168,10,39,21,60,180,7,0,257,100,100,"NULL"
"Nigeria","Nigeria",2011,"Africa","WA","U","Individual accommodation","Lagos",5114,171,210,274,484,1414,9,0,2078,155,195,354,549,2204,128,0,3036,100,100,"NULL"
"Nigeria","Nigeria",2011,"Africa","WA","R","Camp","Oru Camp",3112,29,200,138,338,970,33,0,1370,38,135,219,354,1305,45,0,1742,100,100,"NULL"
"Nigeria","Nigeria",2011,"Africa","WA","R","Settlement","Amana",1238,150,160,105,265,361,35,0,811,124,100,104,204,81,18,0,427,100,100,"NULL"
"Nigeria","Nigeria",2011,"Africa","WA","R","Settlement","Benue",728,77,60,85,145,163,19,0,404,48,80,58,138,125,13,0,324,100,100,"NULL"
"Nigeria","Nigeria",2011,"Africa","WA","U","Individual accommodation","Ijebuode",129,11,9,8,17,22,0,0,50,9,8,5,13,57,0,0,79,100,100,"NULL"
"Rwanda","Rwanda",2011,"Africa","CA-GL","R","Camp","Gihembe",19827,1023,2259,1830,4089,5171,471,0,10754,1046,2237,1726,3963,3797,267,0,9073,100,100,"NULL"
"Rwanda","Rwanda",2011,"Africa","CA-GL","R","Camp","Kiziba",18919,1280,2046,1807,3853,4841,466,0,10440,1077,1972,1711,3683,3346,373,0,8479,100,100,"NULL"
"Rwanda","Rwanda",2011,"Africa","CA-GL","R","Camp","Gatsibo",14814,1025,2110,1322,3432,3537,206,0,8200,1039,2052,1299,3351,2075,149,0,6614,100,100,"NULL"
"Rwanda","Rwanda",2011,"Africa","CA-GL","U","Individual accommodation","Kigali-ngali",2061,138,236,184,420,498,7,0,1063,129,210,192,402,454,13,0,998,100,100,"NULL"
"Rwanda","Rwanda",2011,"Africa","CA-GL","R","Individual accommodation","Rubavu",865,127,93,39,132,260,22,0,541,118,67,23,90,108,8,0,324,100,100,"NULL"
"Rwanda","Rwanda",2011,"Africa","CA-GL","R","Individual accommodation","Karongi",853,127,88,36,124,299,12,0,562,112,77,32,109,62,8,0,291,100,100,"NULL"
"Rwanda","Rwanda",2011,"Africa","CA-GL","R","Individual accommodation","Nyabihu",791,122,72,25,97,278,13,0,510,119,47,21,68,86,8,0,281,100,100,"NULL"
"Rwanda","Rwanda",2011,"Africa","CA-GL","R","Individual accommodation","Nyamasheke",713,96,98,26,124,219,4,0,443,105,68,32,100,53,12,0,270,100,100,"NULL"
"Rwanda","Rwanda",2011,"Africa","CA-GL","R","Individual accommodation","Rutsiro",579,98,41,12,53,187,8,0,346,71,44,27,71,87,4,0,233,100,100,"NULL"
"Rwanda","Rwanda",2011,"Africa","CA-GL","R","Individual accommodation","Rusizi",457,67,44,25,69,126,7,0,269,73,41,18,59,50,6,0,188,100,100,"NULL"
"Rwanda","Rwanda",2011,"Africa","CA-GL","R","Individual accommodation","Musanze",418,64,34,16,50,131,4,0,249,68,31,9,40,58,3,0,169,100,100,"NULL"
"Rwanda","Rwanda",2011,"Africa","CA-GL","R","Individual accommodation","Ngororero",398,56,33,15,48,132,9,0,245,64,25,19,44,42,3,0,153,100,100,"NULL"
"Rwanda","Rwanda",2011,"Africa","CA-GL","R","Individual accommodation","Bugesera",271,45,32,11,43,76,3,0,167,42,26,8,34,27,1,0,104,100,100,"NULL"
"Rwanda","Rwanda",2011,"Africa","CA-GL","R","Individual accommodation","Nyaruguru",255,41,36,10,46,75,1,0,163,43,26,9,35,13,1,0,92,100,100,"NULL"
"Rwanda","Rwanda",2011,"Africa","CA-GL","R","Individual accommodation","Nyamagabe",231,40,16,15,31,83,4,0,158,34,17,5,22,14,3,0,73,100,100,"NULL"
"Rwanda","Rwanda",2011,"Africa","CA-GL","R","Individual accommodation","Huye",181,24,14,7,21,65,3,0,113,27,18,7,25,13,3,0,68,100,100,"NULL"
"Rwanda","Rwanda",2011,"Africa","CA-GL","R","Individual accommodation","Ruhango",176,30,20,8,28,58,0,0,116,19,14,10,24,16,1,0,60,100,100,"NULL"
"Rwanda","Rwanda",2011,"Africa","CA-GL","R","Individual accommodation","Nyanza",159,25,17,8,25,55,2,0,107,18,13,2,15,18,1,0,52,100,100,"NULL"
"Rwanda","Rwanda",2011,"Africa","CA-GL","U","Individual accommodation","Nyarugenge",123,23,7,6,13,42,0,0,78,18,8,4,12,15,0,0,45,100,100,"NULL"
"Rwanda","Rwanda",2011,"Africa","CA-GL","U","Individual accommodation","Gasabo",108,16,6,4,10,31,0,0,57,13,13,7,20,15,3,0,51,100,100,"NULL"
"Senegal","Senegal",2011,"Africa","WA","R","Individual accommodation","Richard Toll",18873,2011,2423,1125,3548,4101,405,0,10065,2055,2278,1060,3338,3075,340,0,8808,100,100,"NULL"
"Senegal","Senegal",2011,"Africa","WA","U","Individual accommodation","Dakar",3819,83,120,117,237,970,23,0,1313,91,158,128,286,2094,35,0,2506,100,100,"NULL"
"Senegal","Senegal",2011,"Africa","WA","U","Individual accommodation","Dakar/Thies",185,6,17,16,33,29,1,0,69,10,25,20,45,58,3,0,116,100,100,"NULL"
"Sierra Leone","Sierra Leone",2011,"Africa","WA","U","Individual accommodation","Kenema",2027,13,182,146,328,600,91,0,1032,29,175,160,335,590,41,0,995,100,100,"NULL"
"Sierra Leone","Sierra Leone",2011,"Africa","WA","U","Individual accommodation","Freetown",1824,13,102,155,257,608,18,0,896,15,137,150,287,607,19,0,928,100,100,"NULL"
"Sierra Leone","Sierra Leone",2011,"Africa","WA","R","Settlement","Gondama",1084,11,169,96,265,272,2,0,550,17,135,90,225,285,7,0,534,100,100,"NULL"
"Sierra Leone","Sierra Leone",2011,"Africa","WA","R","Settlement","Taiama",775,9,94,44,138,149,5,0,301,11,97,120,217,226,20,0,474,100,100,"NULL"
"Sierra Leone","Sierra Leone",2011,"Africa","WA","U","Individual accommodation","Bo",610,1,33,48,81,248,10,0,340,3,29,50,79,178,10,0,270,100,100,"NULL"
"Sierra Leone","Sierra Leone",2011,"Africa","WA","R","Settlement","Tobanda",470,8,53,45,98,134,6,0,246,7,57,27,84,126,7,0,224,100,100,"NULL"
"Sierra Leone","Sierra Leone",2011,"Africa","WA","R","Settlement","Gerihun",444,5,39,33,72,77,5,0,159,6,27,123,150,123,6,0,285,100,100,"NULL"
"Sierra Leone","Sierra Leone",2011,"Africa","WA","R","Settlement","Jembe",350,2,43,31,74,77,2,0,155,3,42,38,80,109,3,0,195,100,100,"NULL"
"Sierra Leone","Sierra Leone",2011,"Africa","WA","R","Settlement","Largo",326,3,90,35,125,90,5,0,223,6,45,29,74,17,6,0,103,100,100,"NULL"
"Sierra Leone","Sierra Leone",2011,"Africa","WA","R","Settlement","Bandajuma",246,4,29,18,47,63,1,0,115,9,28,24,52,62,8,0,131,100,100,"NULL"
"Somalia","Somalia",2011,"Africa","EHA","V","Settlement","Shabelle Hoose",496110,57248,53396,34355,87751,99216,7645,0,251860,53415,57256,34355,91611,91576,7648,0,244250,100,100,"NULL"
"Somalia","Somalia",2011,"Africa","EHA","V","Settlement","Banadir",184400,21278,19847,12770,32617,36878,2840,0,93613,19854,21282,12770,34052,34038,2843,0,90787,100,100,"NULL"
"Somalia","Somalia",2011,"Africa","EHA","V","Settlement","Galgaduud",149150,17211,16053,10327,26380,29828,2299,0,75718,16058,17214,10330,27544,27531,2299,0,73432,100,100,"NULL"
"Somalia","Somalia",2011,"Africa","EHA","V","Settlement","Mudug",83560,9642,8994,5787,14781,16711,1287,0,42421,8998,9643,5786,15429,15424,1288,0,41139,100,100,"NULL"
"Somalia","Somalia",2011,"Africa","EHA","V","Settlement","Gedo",76510,8829,8235,5298,13533,15300,1179,0,38841,8238,8830,5298,14128,14123,1180,0,37669,100,100,"NULL"
"Somalia","Somalia",2011,"Africa","EHA","V","Settlement","Shabelle Dhexe",51960,5996,5592,3598,9190,10392,801,0,26379,5594,5997,3598,9595,9591,801,0,25581,100,100,"NULL"
"Somalia","Somalia",2011,"Africa","EHA","V","Settlement","Hiraan",51160,5903,5506,3542,9048,10231,789,0,25971,5508,5906,3542,9448,9444,789,0,25189,100,100,"NULL"
"Somalia","Somalia",2011,"Africa","EHA","V","Settlement","Bari",49010,5655,5275,3394,8669,9801,755,0,24880,5277,5656,3394,9050,9047,756,0,24130,100,100,"NULL"
"Somalia","Somalia",2011,"Africa","EHA","V","Settlement","Woqooyi Galbeed",44590,5145,4799,3088,7887,8917,687,0,22636,4800,5147,3087,8234,8232,688,0,21954,100,100,"NULL"
"Somalia","Somalia",2011,"Africa","EHA","V","Settlement","Bay",39820,4595,4286,2758,7044,7963,614,0,20216,4287,4595,2758,7353,7350,614,0,19604,100,100,"NULL"
"Somalia","Somalia",2011,"Africa","EHA","V","Settlement","Juba Hoose",30600,3531,3293,2119,5412,6120,473,0,15536,3295,3531,2119,5650,5648,471,0,15064,100,100,"NULL"
"Somalia","Somalia",2011,"Africa","EHA","V","Settlement","Juba Dhexe",27000,3116,2905,1869,4774,5400,416,0,13706,2907,3116,1869,4985,4984,418,0,13294,100,100,"NULL"
"Somalia","Somalia",2011,"Africa","EHA","V","Settlement","Togdheer",25760,2972,2773,1783,4556,5154,397,0,13079,2773,2973,1783,4756,4755,397,0,12681,100,100,"NULL"
"Somalia","Somalia",2011,"Africa","EHA","V","Settlement","Bakool",24000,2769,2583,1662,4245,4800,370,0,12184,2584,2770,1662,4432,4430,370,0,11816,100,100,"NULL"
"Somalia","Somalia",2011,"Africa","EHA","V","Settlement","Nugaal",9495,1096,1022,658,1680,1899,146,0,4821,1022,1096,658,1754,1752,146,0,4674,100,100,"NULL"
"Somalia","Somalia",2011,"Africa","EHA","V","Settlement","Awdal",7990,922,860,553,1413,1598,123,0,4056,860,923,553,1476,1475,123,0,3934,100,100,"NULL"
"Somalia","Somalia",2011,"Africa","EHA","V","Settlement","Sool",4820,556,519,334,853,964,74,0,2447,519,556,334,890,889,75,0,2373,100,100,"NULL"
"Somalia","Somalia",2011,"Africa","EHA","U","Individual accommodation","Bari",4083,297,334,141,475,904,32,0,1708,301,328,146,474,1554,46,0,2375,100,100,"NULL"
"Somalia","Somalia",2011,"Africa","EHA","U","Individual accommodation","Hargeisa",3741,298,318,132,450,841,4,240,1833,247,348,128,476,987,22,176,1908,89,100,"NULL"
"Somalia","Somalia",2011,"Africa","EHA","V","Settlement","Sanaag",910,105,98,63,161,182,14,0,462,98,105,63,168,168,14,0,448,100,100,"NULL"
"Somalia","Somalia",2011,"Africa","EHA","U","Individual accommodation","Mudug",424,34,43,9,52,106,3,0,195,43,41,9,50,125,11,0,229,100,100,"NULL"
"South Sudan","South Sudan",2011,"Africa","EHA","R","Camp","Doro","Upper Nile State",28709,2232,3384,2481,5865,4724,233,0,13054,2743,4720,3049,7769,4893,250,0,15655,100,100
"South Sudan","South Sudan",2011,"Africa","EHA","R","Camp","Yida","Unity State",21326,1658,2514,1843,4357,3509,173,0,9697,2037,3172,2265,5437,3969,186,0,11629,100,100
"South Sudan","South Sudan",2011,"Africa","EHA","R","Undefined","El Foj","Upper Nile State",20000,1555,2358,1729,4087,3291,162,0,9095,1911,2975,2124,5099,3722,173,0,10905,100,100
"South Sudan","South Sudan",2011,"Africa","EHA","R","Camp","Lasu","CES",7900,880,959,560,1519,1681,157,0,4237,847,918,572,1490,1238,88,0,3663,100,100
"South Sudan","South Sudan",2011,"Africa","EHA","R","Camp","Makpandu","WES",5408,474,385,218,603,1308,73,0,2458,431,391,205,596,1836,87,0,2950,100,100
"South Sudan","South Sudan",2011,"Africa","EHA","R","Undefined","Western Equatoria",5065,502,503,281,784,1193,94,0,2573,494,485,280,765,1159,74,0,2492,100,100,"NULL"
"South Sudan","South Sudan",2011,"Africa","EHA","R","Camp","Jammam","Upper Nile State",4156,323,490,359,849,684,34,0,1890,397,618,441,1059,773,37,0,2266,100,100
"South Sudan","South Sudan",2011,"Africa","EHA","R","Camp","Pochalla",3499,352,505,261,766,866,53,0,2037,361,522,255,777,293,31,0,1462,100,100,"NULL"
"South Sudan","South Sudan",2011,"Africa","EHA","R","Camp","Ezo","Wes",3395,302,306,162,468,924,82,0,1776,332,286,156,442,782,63,0,1619,100,100
"South Sudan","South Sudan",2011,"Africa","EHA","R","Undefined","Juba",1495,97,66,24,90,242,2,0,431,87,76,23,99,865,13,0,1064,100,100,"NULL"
"South Sudan","South Sudan",2011,"Africa","EHA","R","Undefined","Darjo","Upper Nile State",1159,90,137,100,237,191,9,0,527,111,172,123,295,216,10,0,632,100,100
"South Sudan","South Sudan",2011,"Africa","EHA","R","Camp","Gorom","CES",1109,103,104,33,137,215,3,0,458,115,98,32,130,404,2,0,651,100,100
"South Sudan","South Sudan",2011,"Africa","EHA","R","Undefined","Tambura","Wes",495,71,51,15,66,125,1,0,263,59,61,16,77,96,0,0,232,100,100
"South Sudan","South Sudan",2011,"Africa","EHA","R","Undefined","Magwi","EES",466,51,51,0,51,148,5,0,255,60,52,0,52,94,5,0,211,100,100
"South Sudan","South Sudan",2011,"Africa","EHA","R","Undefined","Source Yubu","WES",404,39,42,17,59,116,3,0,217,51,44,22,66,62,8,0,187,100,100
"South Sudan","South Sudan",2011,"Africa","EHA","R","Camp","Malakal",359,43,18,6,24,72,3,0,142,45,22,4,26,141,5,0,217,100,100,"NULL"
"South Sudan","South Sudan",2011,"Africa","EHA","R","Undefined","Andari","WES",313,26,29,8,37,94,9,0,166,38,31,3,34,69,6,0,147,100,100
"South Sudan","South Sudan",2011,"Africa","EHA","R","Undefined","Kajo Keji","CES",278,21,63,0,63,63,2,0,149,29,54,0,54,42,4,0,129,100,100
"South Sudan","South Sudan",2011,"Africa","EHA","R","Undefined","Naandi","WES",231,23,26,5,31,53,3,0,110,25,20,15,35,55,6,0,121,100,100
"Sudan","Sudan",2011,"Africa","EHA","R","Camp","Wad Sherife",15481,1066,1316,1308,2624,4503,490,0,8683,1124,1374,1287,2661,2506,507,0,6798,100,100,"NULL"
"Sudan","Sudan",2011,"Africa","EHA","R","Camp","Shagarab 1",13069,1034,1349,823,2172,3252,243,0,6701,1085,1415,916,2331,2577,375,0,6368,100,100,"NULL"
"Sudan","Sudan",2011,"Africa","EHA","U","Individual accommodation","Khartoum U",10661,138,557,653,1210,3433,138,0,4919,138,560,703,1263,4126,215,0,5742,100,100,"NULL"
"Sudan","Sudan",2011,"Africa","EHA","R","Camp","Shagarab 2",9029,759,1062,638,1700,2150,152,0,4761,791,1135,668,1803,1420,254,0,4268,100,100,"NULL"
"Sudan","Sudan",2011,"Africa","EHA","R","Camp","Um Gargur",8550,486,776,652,1428,2102,216,0,4232,527,851,761,1612,1823,356,0,4318,100,100,"NULL"
"Sudan","Sudan",2011,"Africa","EHA","R","Camp","Kilo 26",7634,479,692,578,1270,2048,192,0,3989,524,696,635,1331,1506,284,0,3645,100,100,"NULL"
"Sudan","Sudan",2011,"Africa","EHA","R","Camp","Um Shalaya",7250,778,925,437,1362,1684,289,0,4113,711,831,510,1341,938,147,0,3137,100,100,"NULL"
"Sudan","Sudan",2011,"Africa","EHA","R","Camp","Shagarab 3",5711,453,626,402,1028,1523,118,0,3122,447,604,385,989,948,205,0,2589,100,100,"NULL"
"Sudan","Sudan",2011,"Africa","EHA","V","Camp","Girba",5570,371,487,403,890,1557,146,0,2964,406,516,449,965,1013,222,0,2606,100,100,"NULL"
"Sudan","Sudan",2011,"Africa","EHA","U","Individual accommodation","Kassala",4910,267,346,338,684,1245,68,0,2264,267,395,370,765,1519,95,0,2646,100,100,"NULL"
"Sudan","Sudan",2011,"Africa","EHA","R","Camp","Abuda",2723,176,269,218,487,681,61,0,1405,163,280,226,506,565,84,0,1318,100,100,"NULL"
"Sudan","Sudan",2011,"Africa","EHA","U","Individual accommodation","Gedaref",1237,57,106,98,204,262,9,0,532,89,111,114,225,370,21,0,705,100,100,"NULL"
"Sudan","Sudan",2011,"Africa","EHA","U","Individual accommodation","Port Sudan",1149,53,103,71,174,234,9,0,470,69,84,76,160,442,8,0,679,100,100,"NULL"
"Sudan","Sudan",2011,"Africa","EHA","R","Camp","Fau 5",881,55,81,45,126,227,22,0,430,65,87,47,134,218,34,0,451,100,100,"NULL"
"Sudan","Sudan",2011,"Africa","EHA","U","Individual accommodation","New Halfa",871,8,9,5,14,65,0,0,87,11,14,12,26,741,6,0,784,100,100,"NULL"
"Sudan","Sudan",2011,"Africa","EHA","R","Camp","Mukjar",777,78,112,53,165,146,18,0,407,77,96,58,154,125,14,0,370,100,100,"NULL"
"Sudan","Sudan",2011,"Africa","EHA","R","Camp","Village",775,34,85,75,160,237,22,0,453,53,82,86,168,88,13,0,322,100,100,"NULL"
"Sudan","Sudan",2011,"Africa","EHA","R","Camp","Awad El Seid",605,31,52,35,87,164,13,0,295,42,57,51,108,128,32,0,310,100,100,"NULL"
"Sudan","Sudan",2011,"Africa","EHA","R","Individual accommodation","Diam El-Nour",482,17,27,30,57,106,2,0,182,18,27,25,52,221,9,0,300,100,100,"NULL"
"Sudan","Sudan",2011,"Africa","EHA","U","Individual accommodation","Salalab",476,23,39,32,71,116,2,0,212,19,44,35,79,158,8,0,264,100,100,"NULL"
"Sudan","Sudan",2011,"Africa","EHA","R","Camp","Kilo 7",433,20,34,17,51,122,12,0,205,30,37,30,67,109,22,0,228,100,100,"NULL"
"Sudan","Sudan",2011,"Africa","EHA","U","Individual accommodation","Abu Rakham area",383,20,33,38,71,87,9,0,187,18,37,42,79,79,20,0,196,100,100,"NULL"
"Sudan","Sudan",2011,"Africa","EHA","R","Individual accommodation","Fath El Rahman",321,13,24,28,52,86,16,0,167,16,24,22,46,69,23,0,154,100,100,"NULL"
"Sudan","Sudan",2011,"Africa","EHA","R","Camp","Wad El Hileau",299,26,35,25,60,64,10,0,160,16,35,17,52,63,8,0,139,100,100,"NULL"
"Sudan","Sudan",2011,"Africa","EHA","U","Individual accommodation","Khartoum",231,23,12,21,33,56,0,0,112,14,22,13,35,68,2,0,119,100,100,"NULL"
"Sudan","Sudan",2011,"Africa","EHA","V","Individual accommodation","Marghania",163,8,9,4,13,39,0,0,60,5,9,11,20,77,1,0,103,100,100,"NULL"
"Sudan","Sudan",2011,"Africa","EHA","R","Individual accommodation","Um Gulja",108,7,6,5,11,27,2,0,47,9,7,10,17,31,4,0,61,100,100,"NULL"
"Togo","Togo",2011,"Africa","WA","R","Undefined","Sotouboua",8028,786,1156,378,1534,1670,168,0,4158,750,1227,561,1788,1179,153,0,3870,100,100,"NULL"
"Togo","Togo",2011,"Africa","WA","R","Undefined","Tandjoare",3779,405,469,238,707,767,206,0,2085,410,526,202,728,445,111,0,1694,100,100,"NULL"
"Togo","Togo",2011,"Africa","WA","U","Individual accommodation","Lome",3206,151,189,148,337,928,28,0,1444,187,184,152,336,1226,13,0,1762,100,100,"NULL"
"Togo","Togo",2011,"Africa","WA","U","Camp","Tropicana Site",2779,159,191,123,314,770,11,0,1254,160,171,144,315,1041,9,0,1525,100,100,"NULL"
"Togo","Togo",2011,"Africa","WA","R","Undefined","Dankpen",1855,185,273,90,363,395,40,0,983,169,276,126,402,267,34,0,872,100,100,"NULL"
"Tunisia","Tunisia",2011,"Africa","MENA","R","Camp","Shousha",3334,89,66,63,129,493,2,0,713,119,74,181,255,2222,25,0,2621,100,100,"NULL"
"Tunisia","Tunisia",2011,"Africa","MENA","R","Camp","Tunisia",1049,50,69,40,109,250,64,0,473,47,67,45,112,310,107,0,576,100,100,"NULL"
"Tunisia","Tunisia",2011,"Africa","MENA","U","Individual accommodation","Tunis",265,0,0,0,0,19,4,0,23,0,0,0,0,36,5,0,41,24,24,"NULL"
"Uganda","Uganda",2011,"Africa","EHA","R","Settlement","Nakivale",57588,5120,6494,3938,10432,12444,530,0,28526,5196,6452,3986,10438,12843,585,0,29062,100,100,"NULL"
"Uganda","Uganda",2011,"Africa","EHA","U","Individual accommodation","Kampala",42500,1945,4412,5851,10263,6544,205,0,18957,2029,4541,7472,12013,9320,181,0,23543,100,100,"NULL"
"Uganda","Uganda",2011,"Africa","EHA","R","Settlement","Kyangwali",25392,2546,2961,1705,4666,5224,311,0,12747,2572,2984,1724,4708,5121,244,0,12645,100,100,"NULL"
"Uganda","Uganda",2011,"Africa","EHA","R","Settlement","Kayaka II",16222,1494,1846,1213,3059,3405,282,0,8240,1458,1806,1283,3089,3124,311,0,7982,100,100,"NULL"
"Uganda","Uganda",2011,"Africa","EHA","R","Settlement","Adjumani",6826,492,873,606,1479,1578,111,0,3660,509,888,626,1514,1097,46,0,3166,100,100,"NULL"
"Uganda","Uganda",2011,"Africa","EHA","R","Settlement","Oruchinga",4932,493,548,323,871,1089,64,0,2517,480,549,333,882,991,62,0,2415,100,100,"NULL"
"Uganda","Uganda",2011,"Africa","EHA","R","Settlement","Kiryandongo",4448,255,501,353,854,1065,103,0,2277,266,504,384,888,941,76,0,2171,100,100,"NULL"
"Uganda","Uganda",2011,"Africa","EHA","R","Settlement","Imvepi",1933,112,196,183,379,388,28,0,907,142,213,238,451,427,6,0,1026,100,100,"NULL"
"Uganda","Uganda",2011,"Africa","EHA","R","Settlement","Palorinya",1619,131,201,148,349,366,26,0,872,132,187,142,329,274,12,0,747,100,100,"NULL"
"Uganda","Uganda",2011,"Africa","EHA","R","Settlement","Rhino Camp",1441,83,157,162,319,330,28,0,760,77,150,174,324,263,17,0,681,100,100,"NULL"
"United Republic of Tanzania","United Rep. of Tanzania",2011,"Africa","CA-GL","R","Settlement","Katumba",65431,3638,7753,6155,13908,14644,1262,0,33452,3789,7806,5497,13303,13622,1265,0,31979,100,100,"NULL"
"United Republic of Tanzania","United Rep. of Tanzania",2011,"Africa","CA-GL","R","Camp","Nyarugusu",63551,5703,7160,5330,12490,14138,905,0,33236,5846,7030,5290,12320,11373,776,0,30315,100,100,"NULL"
"United Republic of Tanzania","United Rep. of Tanzania",2011,"Africa","CA-GL","R","Settlement","Mishamo",54233,3506,6542,5006,11548,11572,1080,0,27706,3455,6424,4167,10591,11328,1153,0,26527,100,100,"NULL"
"United Republic of Tanzania","United Rep. of Tanzania",2011,"Africa","CA-GL","R","Settlement","Ulyankulu",49307,3040,6744,4123,10867,10452,882,0,25241,2886,6434,4408,10842,9665,673,0,24066,100,100,"NULL"
"United Republic of Tanzania","United Rep. of Tanzania",2011,"Africa","CA-GL","R","Camp","Mtabila 1",37554,3337,4203,2790,6993,7840,300,0,18470,3479,4445,2885,7330,7898,377,0,19084,100,100,"NULL"
"United Republic of Tanzania","United Rep. of Tanzania",2011,"Africa","CA-GL","R","Individual accommodation","Kigoma villages",22227,1742,2103,2009,4112,4554,367,0,10775,1730,2279,1993,4272,5028,422,0,11452,100,100,"NULL"
"United Republic of Tanzania","United Rep. of Tanzania",2011,"Africa","CA-GL","U","Settlement","Chogo",1530,236,172,148,320,286,31,0,873,180,159,120,279,172,26,0,657,100,100,"NULL"
"United Republic of Tanzania","United Rep. of Tanzania",2011,"Africa","CA-GL","U","Individual accommodation","Tanga",299,0,0,8,8,13,0,0,21,0,13,65,78,200,0,0,278,100,100,"NULL"
"Zambia","Zambia",2011,"Africa","SAO","R","Settlement","Meheba",17531,1731,2142,1509,3651,2888,262,0,8532,1647,2071,2004,4075,2977,300,0,8999,100,100,"NULL"
"Zambia","Zambia",2011,"Africa","SAO","V","Settlement","Zambia",14424,517,1509,933,2442,2635,263,0,5857,490,1479,914,2393,3259,425,0,6567,86,86,"NULL"
"Zambia","Zambia",2011,"Africa","SAO","R","Settlement","Mayukwayukwa",9446,855,1110,830,1940,1770,146,0,4711,862,1061,841,1902,1692,279,0,4735,100,100,"NULL"
"Zambia","Zambia",2011,"Africa","SAO","U","Individual accommodation","Lusaka U",5252,279,430,345,775,1113,28,0,2195,295,387,367,754,1939,69,0,3057,100,100,"NULL"
"Zimbabwe","Zimbabwe",2011,"Africa","SAO","R","Camp","Tongogara",4819,365,528,369,897,821,14,0,2097,359,608,454,1062,1289,12,0,2722,100,100,"NULL"
"Zimbabwe","Zimbabwe",2011,"Africa","SAO","U","Individual accommodation","Harare",1040,70,106,98,204,183,4,0,461,74,106,115,221,278,6,0,579,100,100,"NULL"
